--
-- PostgreSQL database dump
--

-- Dumped from database version 14.5 (Ubuntu 14.5-0ubuntu0.22.04.1)
-- Dumped by pg_dump version 14.5 (Ubuntu 14.5-0ubuntu0.22.04.1)

-- Started on 2022-12-14 04:10:42 MSK

SET statement_timeout = 0;
SET lock_timeout = 0;
SET idle_in_transaction_session_timeout = 0;
SET client_encoding = 'UTF8';
SET standard_conforming_strings = on;
SELECT pg_catalog.set_config('search_path', '', false);
SET check_function_bodies = false;
SET xmloption = content;
SET client_min_messages = warning;
SET row_security = off;

SET default_tablespace = '';

SET default_table_access_method = heap;

--
-- TOC entry 210 (class 1259 OID 25550)
-- Name: category; Type: TABLE; Schema: public; Owner: postgres
--

CREATE TABLE public.category (
    id integer NOT NULL,
    name character varying(255)
);


ALTER TABLE public.category OWNER TO postgres;

--
-- TOC entry 209 (class 1259 OID 25549)
-- Name: category_id_seq; Type: SEQUENCE; Schema: public; Owner: postgres
--

ALTER TABLE public.category ALTER COLUMN id ADD GENERATED BY DEFAULT AS IDENTITY (
    SEQUENCE NAME public.category_id_seq
    START WITH 1
    INCREMENT BY 1
    NO MINVALUE
    NO MAXVALUE
    CACHE 1
);


--
-- TOC entry 212 (class 1259 OID 25556)
-- Name: image; Type: TABLE; Schema: public; Owner: postgres
--

CREATE TABLE public.image (
    id integer NOT NULL,
    file_name character varying(255),
    product_id integer NOT NULL
);


ALTER TABLE public.image OWNER TO postgres;

--
-- TOC entry 211 (class 1259 OID 25555)
-- Name: image_id_seq; Type: SEQUENCE; Schema: public; Owner: postgres
--

ALTER TABLE public.image ALTER COLUMN id ADD GENERATED BY DEFAULT AS IDENTITY (
    SEQUENCE NAME public.image_id_seq
    START WITH 1
    INCREMENT BY 1
    NO MINVALUE
    NO MAXVALUE
    CACHE 1
);


--
-- TOC entry 214 (class 1259 OID 25562)
-- Name: orders; Type: TABLE; Schema: public; Owner: postgres
--

CREATE TABLE public.orders (
    id integer NOT NULL,
    count integer NOT NULL,
    date_time timestamp without time zone,
    number character varying(255),
    price real NOT NULL,
    status integer,
    person_id integer NOT NULL,
    product_id integer NOT NULL
);


ALTER TABLE public.orders OWNER TO postgres;

--
-- TOC entry 213 (class 1259 OID 25561)
-- Name: orders_id_seq; Type: SEQUENCE; Schema: public; Owner: postgres
--

ALTER TABLE public.orders ALTER COLUMN id ADD GENERATED BY DEFAULT AS IDENTITY (
    SEQUENCE NAME public.orders_id_seq
    START WITH 1
    INCREMENT BY 1
    NO MINVALUE
    NO MAXVALUE
    CACHE 1
);


--
-- TOC entry 216 (class 1259 OID 25568)
-- Name: person; Type: TABLE; Schema: public; Owner: postgres
--

CREATE TABLE public.person (
    id integer NOT NULL,
    login character varying(100),
    password character varying(255),
    role character varying(255)
);


ALTER TABLE public.person OWNER TO postgres;

--
-- TOC entry 215 (class 1259 OID 25567)
-- Name: person_id_seq; Type: SEQUENCE; Schema: public; Owner: postgres
--

ALTER TABLE public.person ALTER COLUMN id ADD GENERATED BY DEFAULT AS IDENTITY (
    SEQUENCE NAME public.person_id_seq
    START WITH 1
    INCREMENT BY 1
    NO MINVALUE
    NO MAXVALUE
    CACHE 1
);


--
-- TOC entry 218 (class 1259 OID 25576)
-- Name: product; Type: TABLE; Schema: public; Owner: postgres
--

CREATE TABLE public.product (
    id integer NOT NULL,
    date_time timestamp without time zone,
    description text NOT NULL,
    price real NOT NULL,
    seller text NOT NULL,
    title text NOT NULL,
    warehouse character varying(255) NOT NULL,
    category_id integer NOT NULL,
    CONSTRAINT product_price_check CHECK ((price >= (1)::double precision))
);


ALTER TABLE public.product OWNER TO postgres;

--
-- TOC entry 220 (class 1259 OID 25585)
-- Name: product_cart; Type: TABLE; Schema: public; Owner: postgres
--

CREATE TABLE public.product_cart (
    id integer NOT NULL,
    person_id integer,
    product_id integer
);


ALTER TABLE public.product_cart OWNER TO postgres;

--
-- TOC entry 219 (class 1259 OID 25584)
-- Name: product_cart_id_seq; Type: SEQUENCE; Schema: public; Owner: postgres
--

ALTER TABLE public.product_cart ALTER COLUMN id ADD GENERATED BY DEFAULT AS IDENTITY (
    SEQUENCE NAME public.product_cart_id_seq
    START WITH 1
    INCREMENT BY 1
    NO MINVALUE
    NO MAXVALUE
    CACHE 1
);


--
-- TOC entry 217 (class 1259 OID 25575)
-- Name: product_id_seq; Type: SEQUENCE; Schema: public; Owner: postgres
--

ALTER TABLE public.product ALTER COLUMN id ADD GENERATED BY DEFAULT AS IDENTITY (
    SEQUENCE NAME public.product_id_seq
    START WITH 1
    INCREMENT BY 1
    NO MINVALUE
    NO MAXVALUE
    CACHE 1
);


--
-- TOC entry 3409 (class 0 OID 25550)
-- Dependencies: 210
-- Data for Name: category; Type: TABLE DATA; Schema: public; Owner: postgres
--

INSERT INTO public.category (id, name) VALUES (1, 'Телефон');
INSERT INTO public.category (id, name) VALUES (2, 'Планшет');
INSERT INTO public.category (id, name) VALUES (3, 'Смартфон');


--
-- TOC entry 3411 (class 0 OID 25556)
-- Dependencies: 212
-- Data for Name: image; Type: TABLE DATA; Schema: public; Owner: postgres
--

INSERT INTO public.image (id, file_name, product_id) VALUES (1, 'a17319d7-f1fb-4587-8125-63b25232ea8d.1_01.png', 1);
INSERT INTO public.image (id, file_name, product_id) VALUES (2, '88930095-d8e1-4a54-b463-214dd31ac5f5.1_02.png', 1);
INSERT INTO public.image (id, file_name, product_id) VALUES (3, 'e1f7b609-cd69-4d9c-93cc-afd86152cde2.1_03.png', 1);
INSERT INTO public.image (id, file_name, product_id) VALUES (4, 'c846587b-5a81-4646-b685-a4c6dadd9a59.', 1);
INSERT INTO public.image (id, file_name, product_id) VALUES (5, 'e05ff507-d40b-4943-89e2-4a3225421a2b.', 1);
INSERT INTO public.image (id, file_name, product_id) VALUES (6, 'b1f16bd7-394b-44ae-bcf7-647196048de4.2_01.png', 2);
INSERT INTO public.image (id, file_name, product_id) VALUES (7, '599f279c-3e57-4814-a25e-0501dd128e42.2_02.png', 2);
INSERT INTO public.image (id, file_name, product_id) VALUES (8, '6eec038a-bdf0-41ec-941a-0f017d534730.2_03.png', 2);
INSERT INTO public.image (id, file_name, product_id) VALUES (9, '6275948a-a069-412f-89f0-a6059ba48a2c.2_04.png', 2);
INSERT INTO public.image (id, file_name, product_id) VALUES (10, '4301a59f-a3c4-4712-876f-8947900a109d.2_05.png', 2);
INSERT INTO public.image (id, file_name, product_id) VALUES (11, 'f6336b61-d3f1-499c-a255-d24ff473a331.3_01.png', 3);
INSERT INTO public.image (id, file_name, product_id) VALUES (12, '6350f2b2-51c1-4e4b-8681-c6ca133ba425.3_02.png', 3);
INSERT INTO public.image (id, file_name, product_id) VALUES (13, 'd476fd03-4781-463e-9aa4-c6caef16ff85.3_03.png', 3);
INSERT INTO public.image (id, file_name, product_id) VALUES (14, 'b1742ac6-6f22-4f16-9148-3609e3863319.', 3);
INSERT INTO public.image (id, file_name, product_id) VALUES (15, '8bcb173b-1287-41a9-ac65-c54658a42497.', 3);
INSERT INTO public.image (id, file_name, product_id) VALUES (16, '85db84ad-02c9-4a45-a085-fca938f60733.4_01.png', 4);
INSERT INTO public.image (id, file_name, product_id) VALUES (17, 'de9ddfd3-1813-40e8-8663-5e3cb889f620.4_02.png', 4);
INSERT INTO public.image (id, file_name, product_id) VALUES (18, 'f053e20a-a088-4e64-b8ee-8a4593a30996.4_03.png', 4);
INSERT INTO public.image (id, file_name, product_id) VALUES (19, '86ba051d-b493-4c8a-9326-96fa4fe72a65.', 4);
INSERT INTO public.image (id, file_name, product_id) VALUES (20, '7df91d69-4766-4621-b24f-431bfb1b7c99.', 4);


--
-- TOC entry 3413 (class 0 OID 25562)
-- Dependencies: 214
-- Data for Name: orders; Type: TABLE DATA; Schema: public; Owner: postgres
--

INSERT INTO public.orders (id, count, date_time, number, price, status, person_id, product_id) VALUES (1, 1, '2022-12-12 10:40:59.096239', 'eb2a6043-7309-4d1a-b6d7-440b9a1eb2f8', 1650, 5, 2, 4);


--
-- TOC entry 3415 (class 0 OID 25568)
-- Dependencies: 216
-- Data for Name: person; Type: TABLE DATA; Schema: public; Owner: postgres
--

INSERT INTO public.person (id, login, password, role) VALUES (2, 'user_01', '$2a$10$r28MPA4KgaT8sPHmB.p.Geaw2.2I7iV2xXgQ8fURqaeJ4KGsGgQmq', 'ROLE_USER');
INSERT INTO public.person (id, login, password, role) VALUES (1, 'admin', '$2a$10$BWlqoprVBJcvL6Y8jd51LenXtCmm.LeUELglYPKaeEVSA3e0LsBuq', 'ROLE_ADMIN');


--
-- TOC entry 3417 (class 0 OID 25576)
-- Dependencies: 218
-- Data for Name: product; Type: TABLE DATA; Schema: public; Owner: postgres
--

INSERT INTO public.product (id, date_time, description, price, seller, title, warehouse, category_id) VALUES (2, '2022-12-12 10:33:21.459611', 'Xiaomi 12 Pro.Мастерство в каждом кадре.Xiaomi 12 Pro можно назвать лучшим смартфоном, который компания Xiaomi когда-либо продавала в России. Система из трех 50-мегапиксельных камер поднимает качество фото и видеосъёмки до небывалых высот, а богатое разнообразие программных функций позволяет создавать шедевры из всего, что попадет в кадр. Флагманский процессор Snapdragon 8 Gen 1 обеспечивает максимальную производительность и разумный расход энергии. А чтобы созданными произведениями можно было наслаждаться на полную силу, смартфон обладает дисплеем с максимальной частотой обновления 120 Гц и четырьмя стереодинамиками от легендарных Harman/Kardon.', 120590, 'БИЛАЙН', 'Xiaomi Смартфон Xiaomi 12 Pro 256GB Gray', 'Белая Дача', 3);
INSERT INTO public.product (id, date_time, description, price, seller, title, warehouse, category_id) VALUES (1, NULL, 'Тонкий и производительный планшет с большим экраном и двумя динамиками позволит погрузиться в мир контента. Он оснащен емкой батареей и поддержкой технологии быстрой зарядки, чтобы пользователь мог работать и развлекаться весь день. Совместим с большинством устройств Realme, которые позволят мгновенно разблокировать гаджет, передать файлы или активировать трансляцию. Шустрый процессор хорошо показывает себя в играх, а неплохие камеры обеспечат качественную видеосвязь. На борту Android 11. Корпус планшетного компьютера Realme Pad Mini полностью изготовлен из легкого и прочного алюминия, поэтому особенно устойчив к следам интенсивной эксплуатации. Его толщина — всего 7.6 мм при весе 372 г. Гаджет удобно брать в дорогу, носить на занятия или работу — не займет много места, не утяжелит сумку.Диагональ LED-дисплея составляет 8.7 дюйма при разрешении 1340х800 точек. Благодаря тонким рамкам площадь экрана занимает около 85 % от всего устройства. Это позволяет наслаждаться контентом в полной мере, просматривать фото, листать страницы в интернете — ничто не будет мешать. Цветопередача естественная, насчитывающая свыше 16 миллионов оттенков.Двойной динамик создает объемное звучание даже без подключения наушников, что делает просмотр фильмов интереснее, а игры более захватывающими.', 17591, 'ВАЙЛДБЕРРИЗ', 'Realme realme Pad Mini/8.7/1340х800/4+64ГБ/Unisoc T616', 'Коледино', 2);
INSERT INTO public.product (id, date_time, description, price, seller, title, warehouse, category_id) VALUES (3, '2022-12-12 10:36:03.356567', 'Смартфон OnePlus 10 Pro 12 256Gb оснащен процессором Qualcomm Snapdragon 8 Gen 1 с тактовой частотой 3.0 ГГц. При этом общее количество CPU - 8 шт. Графика на устройстве работает на базе видеопроцессора Adreno 730.Смартфон работает на базе операционной системы Android 12. Основных камер на устройстве 3 шт., разрешением 48 Мп., 50 Мп., 8 Мп., Максимальное разрешение видео - 8K. Фронтальных камер - 1 шт., разрешением 32 Мп. Функция быстрой зарядки - есть, беспроводная зарядка - есть. Цветной AMOLED, сенсорный экран OnePlus 10 Pro 8 256Gb имеет диагональ 6.7 дюйм, с разрешением 3216x1440 пикселей и частотой 120 Гц. При этом плотность пикселей данного экрана составляет 525 PPI.', 71402, 'THANOS', 'OnePlus Смартфон OnePlus 10 Pro 8/256Gb', 'Коледино', 3);
INSERT INTO public.product (id, date_time, description, price, seller, title, warehouse, category_id) VALUES (4, '2022-12-12 10:37:53.207895', 'Мини-телефон с изменением голоса, самый маленький в мире мобильный кнопочный телефон. Микро телефон имеет слот для SIM карты нано-формата, также отдельный слот для карты памяти micro SD. Маленький кнопочный телефон с Bluetooth и русской клавиатурой. Взависимости от модели, телефон имеет следующии опции: 1 sim (симкарта) или 2 sim (симкарты), камера, фонарик, МР3, Bluetooth, возможность использования Micro SD, телефонный справочник на 200-550 контактов. В зависимости от модели, телефон имеет следующию комплектацию: мини телефон 1шт, аккумулятор 1шт, провод 1шт, держатель заушина 1 шт, зарядное устройство в коплект не входит. Количество симкарт в телефоне, опции и комплектации Вы можете посмотреть на фото инструкции. Модели мобильных телефонов: Микро телефон BM10, BM30, ВМ25; Маленький телефон K8 X8; Мини телефон OLMIO (Олмио), L8STAR, GAT. Мини мобильный телефон поддерживает 24 языка, очень маленький, размером с зажигалку, имеет аккумулятор на 280 мАч. Есть модели в виде телефона Nokia 3310 и модные телефоны K8 X8 1,0 дюйм в форме колы,пепси. Перед началом использования телефона проверьте удалена ли защитная пленка с аккумулятора, далее закройте и пользуйтесь с удовольствием) Хорошего Вам дня и отличных покупок!!Теги: маленький телефон, кнопочный телефон, микро телефон, нано телефон, мобильный телефон, мини телефон, маленький телефон, мини-телефон, микро телефон, мобильный телефон, кнопочный маленький телефон, сотовый телефон маленький, телефон 1дюйм, микро-телефон, форма телефона пепси, телефон кола,мини мобильник хайникен, мини-телефон с двумя Sim-картами', 1650, 'Левчук Р. А.', 'World of Gadget Мини телефон / Маленький нано телефон ', 'Белая Дача', 1);


--
-- TOC entry 3419 (class 0 OID 25585)
-- Dependencies: 220
-- Data for Name: product_cart; Type: TABLE DATA; Schema: public; Owner: postgres
--



--
-- TOC entry 3425 (class 0 OID 0)
-- Dependencies: 209
-- Name: category_id_seq; Type: SEQUENCE SET; Schema: public; Owner: postgres
--

SELECT pg_catalog.setval('public.category_id_seq', 3, true);


--
-- TOC entry 3426 (class 0 OID 0)
-- Dependencies: 211
-- Name: image_id_seq; Type: SEQUENCE SET; Schema: public; Owner: postgres
--

SELECT pg_catalog.setval('public.image_id_seq', 25, true);


--
-- TOC entry 3427 (class 0 OID 0)
-- Dependencies: 213
-- Name: orders_id_seq; Type: SEQUENCE SET; Schema: public; Owner: postgres
--

SELECT pg_catalog.setval('public.orders_id_seq', 1, true);


--
-- TOC entry 3428 (class 0 OID 0)
-- Dependencies: 215
-- Name: person_id_seq; Type: SEQUENCE SET; Schema: public; Owner: postgres
--

SELECT pg_catalog.setval('public.person_id_seq', 2, true);


--
-- TOC entry 3429 (class 0 OID 0)
-- Dependencies: 219
-- Name: product_cart_id_seq; Type: SEQUENCE SET; Schema: public; Owner: postgres
--

SELECT pg_catalog.setval('public.product_cart_id_seq', 2, true);


--
-- TOC entry 3430 (class 0 OID 0)
-- Dependencies: 217
-- Name: product_id_seq; Type: SEQUENCE SET; Schema: public; Owner: postgres
--

SELECT pg_catalog.setval('public.product_id_seq', 5, true);


--
-- TOC entry 3250 (class 2606 OID 25554)
-- Name: category category_pkey; Type: CONSTRAINT; Schema: public; Owner: postgres
--

ALTER TABLE ONLY public.category
    ADD CONSTRAINT category_pkey PRIMARY KEY (id);


--
-- TOC entry 3252 (class 2606 OID 25560)
-- Name: image image_pkey; Type: CONSTRAINT; Schema: public; Owner: postgres
--

ALTER TABLE ONLY public.image
    ADD CONSTRAINT image_pkey PRIMARY KEY (id);


--
-- TOC entry 3254 (class 2606 OID 25566)
-- Name: orders orders_pkey; Type: CONSTRAINT; Schema: public; Owner: postgres
--

ALTER TABLE ONLY public.orders
    ADD CONSTRAINT orders_pkey PRIMARY KEY (id);


--
-- TOC entry 3256 (class 2606 OID 25574)
-- Name: person person_pkey; Type: CONSTRAINT; Schema: public; Owner: postgres
--

ALTER TABLE ONLY public.person
    ADD CONSTRAINT person_pkey PRIMARY KEY (id);


--
-- TOC entry 3262 (class 2606 OID 25589)
-- Name: product_cart product_cart_pkey; Type: CONSTRAINT; Schema: public; Owner: postgres
--

ALTER TABLE ONLY public.product_cart
    ADD CONSTRAINT product_cart_pkey PRIMARY KEY (id);


--
-- TOC entry 3258 (class 2606 OID 25583)
-- Name: product product_pkey; Type: CONSTRAINT; Schema: public; Owner: postgres
--

ALTER TABLE ONLY public.product
    ADD CONSTRAINT product_pkey PRIMARY KEY (id);


--
-- TOC entry 3260 (class 2606 OID 25591)
-- Name: product uk_qka6vxqdy1dprtqnx9trdd47c; Type: CONSTRAINT; Schema: public; Owner: postgres
--

ALTER TABLE ONLY public.product
    ADD CONSTRAINT uk_qka6vxqdy1dprtqnx9trdd47c UNIQUE (title);


--
-- TOC entry 3264 (class 2606 OID 25597)
-- Name: orders fk1b0m4muwx1t377w9if3w6wwqn; Type: FK CONSTRAINT; Schema: public; Owner: postgres
--

ALTER TABLE ONLY public.orders
    ADD CONSTRAINT fk1b0m4muwx1t377w9if3w6wwqn FOREIGN KEY (person_id) REFERENCES public.person(id);


--
-- TOC entry 3266 (class 2606 OID 25607)
-- Name: product fk1mtsbur82frn64de7balymq9s; Type: FK CONSTRAINT; Schema: public; Owner: postgres
--

ALTER TABLE ONLY public.product
    ADD CONSTRAINT fk1mtsbur82frn64de7balymq9s FOREIGN KEY (category_id) REFERENCES public.category(id);


--
-- TOC entry 3265 (class 2606 OID 25602)
-- Name: orders fk787ibr3guwp6xobrpbofnv7le; Type: FK CONSTRAINT; Schema: public; Owner: postgres
--

ALTER TABLE ONLY public.orders
    ADD CONSTRAINT fk787ibr3guwp6xobrpbofnv7le FOREIGN KEY (product_id) REFERENCES public.product(id);


--
-- TOC entry 3263 (class 2606 OID 25592)
-- Name: image fkgpextbyee3uk9u6o2381m7ft1; Type: FK CONSTRAINT; Schema: public; Owner: postgres
--

ALTER TABLE ONLY public.image
    ADD CONSTRAINT fkgpextbyee3uk9u6o2381m7ft1 FOREIGN KEY (product_id) REFERENCES public.product(id);


--
-- TOC entry 3268 (class 2606 OID 25617)
-- Name: product_cart fkhpnrxdy3jhujameyod08ilvvw; Type: FK CONSTRAINT; Schema: public; Owner: postgres
--

ALTER TABLE ONLY public.product_cart
    ADD CONSTRAINT fkhpnrxdy3jhujameyod08ilvvw FOREIGN KEY (product_id) REFERENCES public.product(id);


--
-- TOC entry 3267 (class 2606 OID 25612)
-- Name: product_cart fksgnkc1ko2i1o9yr2p63ysq3rn; Type: FK CONSTRAINT; Schema: public; Owner: postgres
--

ALTER TABLE ONLY public.product_cart
    ADD CONSTRAINT fksgnkc1ko2i1o9yr2p63ysq3rn FOREIGN KEY (person_id) REFERENCES public.person(id);


-- Completed on 2022-12-14 04:10:42 MSK

--
-- PostgreSQL database dump complete
--

